time,gc-time-no-agent,gc-time-with-agent
20210427175649,0.8643869979999999,1.2912724679999996
