time,iteration-avg-no-agent,iteration-p95-no-agent,http-req-avg-no-agent,http-req-p95-no-agent,iteration-avg-with-agent,iteration-p95-with-agent,http-req-avg-with-agent,http-req-p95-with-agent
20210427175649,364.59817273999926,485.60101499999996,28.436212548923052,247.5420299999995,442.5178265399999,621.41186655,34.53204131000006,307.0889564999999
20210427180310,477.2761746679999,608.6234754999999,37.353448106154026,346.21192879999955,540.5716323480005,758.2952370999997,42.06808884399992,391.0761242499995
20210427181519,404.26570604599993,531.0522957,31.336514441076826,274.89669069999997,463.5465753999999,665.9348001999999,36.08731061861558,320.3151550999998
20210427210805,474.6038440619994,602.9209907,36.898357218769156,329.31956104999995,484.0228151940002,657.5179905999998,37.722499970923145,333.01743319999946
20210427212751,529.877093212,694.4170372499999,41.14759411846168,399.05204595,607.060421786,846.1372640999999,47.1328111323076,446.8489853499995
