time,gc-time-no-agent,gc-time-with-agent
20210427175649,0.8643869979999999,1.2912724679999996
20210427180310,0.9414758030000001,1.2978100080000003
