time,gc-time-no-agent,gc-time-with-agent
20210427175649,0.8643869979999999,1.2912724679999996
20210427180310,0.9414758030000001,1.2978100080000003
20210427181519,0.7409541680000002,1.3294112130000002
20210427210805,0.913549595,1.2642739809999997
